itr,mu,sigma
1,9.0,0.0
2,5.5,12.25
3,4.333333333333333,10.888888888888893
4,3.5,10.25
5,3.0,9.2
6,2.6666666666666665,8.222222222222223
7,2.5714285714285716,7.102040816326529
8,2.5,6.25
9,2.3333333333333335,5.777777777777776
10,2.4,5.24
11,2.4545454545454546,4.793388429752066
12,2.3333333333333335,4.5555555555555545
13,2.4615384615384617,4.402366863905325
14,2.357142857142857,4.229591836734694
15,2.2666666666666666,4.062222222222222
16,2.1875,3.90234375
17,2.1176470588235294,3.750865051903113
18,2.111111111111111,3.5432098765432096
19,2.0526315789473686,3.418282548476454
20,2.05,3.2475000000000005
21,2.0952380952380953,3.133786848072562
22,2.090909090909091,2.991735537190083
23,2.0434782608695654,2.911153119092627
24,2.0000000000000004,2.8333333333333313
25,1.9600000000000006,2.7583999999999973
26,1.9230769230769236,2.6863905325443773
27,1.8888888888888895,2.6172839506172814
28,1.928571428571429,2.566326530612243
29,1.8965517241379315,2.5065398335315088
30,1.8666666666666671,2.4488888888888876
31,1.8387096774193552,2.3933402705515077
32,1.8125000000000004,2.3398437499999982
33,2.0000000000000004,3.393939393939392
34,2.0000000000000004,3.2941176470588216
35,2.0000000000000004,3.1999999999999984
36,1.9722222222222225,3.1381172839506157
37,1.9459459459459463,3.0781592403214013
38,1.9210526315789478,3.0200831024930728
39,1.8974358974358978,2.963839579224193
40,1.8750000000000004,2.909374999999998
41,1.8536585365853662,2.8566329565734674
42,1.8333333333333337,2.8055555555555545
43,1.8139534883720934,2.7560843699296904
44,1.7954545454545459,2.708161157024792
45,1.7777777777777781,2.661728395061727
46,1.7608695652173916,2.6167296786389405
47,1.7659574468085109,2.562245359891353
48,1.7708333333333337,2.509982638888887
49,1.755102040816327,2.4706372344856296
50,1.7400000000000002,2.432399999999999
51,1.7254901960784317,2.395232602845058
52,1.7692307692307696,2.446745562130176
53,1.7735849056603776,2.401566393734424
54,1.7592592592592595,2.3679698216735243
55,1.763636363636364,2.32595041322314
56,1.8035714285714288,2.372130102040815
57,1.8070175438596494,2.3311788242536156
58,1.810344827586207,2.2916171224732453
59,1.7966101694915257,2.263717322608444
60,1.7833333333333337,2.236388888888888
61,1.7704918032786887,2.2096210696049443
62,1.8225806451612905,2.339490114464099
63,1.8095238095238098,2.3129251700680262
64,1.8906250000000002,2.691162109374999
65,1.8769230769230771,2.6617751479289935
66,1.8939393939393943,2.6402662993572075
67,2.044776119402985,4.102472711071508
68,2.0441176470588234,4.0421712802768175
69,2.028985507246377,3.9991598403696704
70,2.0285714285714285,3.9420408163265312
71,2.028169014084507,3.886530450307479
72,2.013888888888889,3.8470293209876543
73,2.0,3.808219178082192
74,2.1216216216216215,4.83655953250548
75,2.12,4.772266666666667
76,2.1052631578947367,4.725761772853187
77,2.1298701298701297,4.710406476640246
78,2.1153846153846154,4.666173570019725
79,2.3037974683544302,7.376061528601189
80,2.3125,7.289843750000001
81,2.2962962962962963,7.220850480109742
82,2.3048780487804876,7.138756692444978
83,2.289156626506024,7.073014951371756
84,2.2738095238095237,7.0083616780045395
85,2.2941176470588234,6.960553633217998
86,2.302325581395349,6.885343428880481
87,2.2873563218390807,6.825472321310613
88,2.272727272727273,6.766528925619839
89,2.269662921348315,6.691326852670122
90,2.3111111111111113,6.769876543209881
91,2.318681318681319,6.700640019321342
92,2.336956521739131,6.658199432892253
93,2.3225806451612905,6.605619146722169
94,2.308510638297873,6.553757356269808
95,2.2947368421052636,6.502603878116346
96,2.2812500000000004,6.4521484375000036
97,2.2680412371134024,6.402380699330432
98,2.2653061224489797,6.337775926697215
99,2.2525252525252526,6.289766350372416
100,2.25,6.2275000000000045
101,2.2475247524752477,6.166454269189298
102,2.3039215686274512,6.427239523260288
103,2.2912621359223304,6.3811857856536935
104,2.2884615384615388,6.320636094674559
105,2.285714285714286,6.261224489795921
106,2.2735849056603774,6.217604129583486
107,2.2803738317757007,6.164381168661024
108,2.3055555555555554,6.1751543209876605
109,2.2935779816513757,6.133995454928042
110,2.2818181818181813,6.093305785123974
111,2.297297297297297,6.064767470172882
112,2.3035714285714284,6.014987244897964
113,2.2920353982300883,5.976662228835466
114,2.3157894736842106,5.987996306555868
115,2.3043478260869565,5.950850661625713
116,2.293103448275862,5.914090368608803
117,2.299145299145299,5.867777047264231
118,2.288135593220339,5.832232117207702
119,2.277310924369748,5.797048231057133
120,2.2666666666666666,5.762222222222227
121,2.272727272727273,5.719008264462812
122,2.2950819672131146,5.732598763773184
123,2.2845528455284554,5.699517482979711
124,2.274193548387097,5.666753381893862
125,2.264,5.634304000000005
126,2.261904761904762,5.590136054421771
127,2.251968503937008,5.5585591171182385
128,2.2578125,5.5194702148437536
129,2.2868217054263567,5.584399975962986
130,2.3,5.563846153846159
131,2.2900763358778624,5.5341763300507
132,2.2803030303030303,5.504763544536276
133,2.2706766917293235,5.4756063090056
134,2.2761194029850746,5.438683448429498
135,2.2888888888888888,5.420246913580252
136,2.286764705882353,5.381001297577858
137,2.2773722627737225,5.3537215621503575
138,2.2681159420289854,5.326664566267595
139,2.258992805755396,5.299829201387094
140,2.25,5.273214285714289
141,2.2624113475177303,5.257381419445706
142,2.2535211267605635,5.231501686173382
143,2.2447552447552446,5.205829135899072
144,2.236111111111111,5.180362654320994
145,2.2758620689655173,5.372175980975036
146,2.287671232876712,5.355601426158761
147,2.2789115646258504,5.330371604424089
148,2.277027027027027,5.294877647918195
149,2.2684563758389262,5.270213053466068
150,2.26,5.245733333333342
151,2.2516556291390724,5.2214376562431575
152,2.2499999999999996,5.187500000000009
153,2.248366013071895,5.154000598060585
154,2.2727272727272725,5.211334120425038
155,2.2709677419354835,5.178189386056201
156,2.2628205128205123,5.155284352399746
157,2.2611464968152863,5.122885309748883
158,2.253164556962025,5.100464669123548
159,2.2452830188679243,5.078201020529261
160,2.2375,5.056093750000009
161,2.2360248447204967,5.025037614289582
162,2.2407407407407405,4.997599451303164
163,2.2331288343558278,4.9763257932176685
164,2.2317073170731705,4.94631171921476
165,2.2242424242424237,4.925472910927464
166,2.216867469879517,4.9047757294237275
167,2.2215568862275443,4.879056258740013
168,2.2261904761904754,4.85359977324264
169,2.2189349112426027,4.833724309372931
170,2.223529411764705,4.808858131487899
171,2.2339181286549703,4.7990834786772085
172,2.3023255813953485,5.57138994050839
173,2.335260115606936,5.725750943900573
174,2.327586206896551,5.703032104637345
175,2.331428571428571,5.6730122448979685
176,2.3352272727272725,5.6433044938016605
177,2.338983050847457,5.613904050560192
178,2.331460674157303,5.592381012498429
179,2.329608938547486,5.56174900908212
180,2.333333333333333,5.53333333333334
181,2.342541436464088,5.518024480327224
182,2.335164835164835,5.497554643159046
183,2.327868852459016,5.477201469139128
184,2.320652173913043,5.456964792060499
185,2.3351351351351344,5.466062819576343
186,2.327956989247311,5.446207654064064
187,2.3262032085561493,5.417655637850676
188,2.3191489361702122,5.398143956541431
189,2.3174603174603168,5.3701184177374754
190,2.3157894736842097,5.342382271468155
191,2.3141361256544495,5.314931060003849
192,2.3177083333333326,5.289686414930567
193,2.3108808290155434,5.271228757819013
194,2.3041237113402055,5.252869592942937
195,2.297435897435897,5.234608809993436
196,2.290816326530612,5.216446272386514
197,2.2842639593908625,5.198381818650322
198,2.2777777777777772,5.180415263748606
199,2.2713567839195976,5.162546400343434
200,2.2649999999999997,5.144775000000009
201,2.2587064676616913,5.127100814336288
202,2.257425742574257,5.102048818743269
203,2.2857142857142856,5.238564391273758
204,2.284313725490196,5.213283352556717
205,2.2829268292682925,5.188245092207028
206,2.2766990291262132,5.1710104628146
207,2.2705314009661834,5.1538659011879
208,2.264423076923077,5.136811205621308
209,2.2679425837320575,5.114809642636393
210,2.261904761904762,5.098072562358283
211,2.2606635071090047,5.074234630848371
212,2.2547169811320753,5.05776076895693
213,2.248826291079812,5.041371861843998
214,2.247663551401869,5.0181020176434705
215,2.3348837209302324,6.622736614386162
216,2.3333333333333335,6.592592592592598
217,2.3271889400921664,6.570366752320078
218,2.344036697247707,6.601822237185425
219,2.3744292237442934,6.773044765538668
220,2.4454545454545467,7.84702479338843
221,2.4389140271493224,7.82092913740505
222,2.4324324324324333,7.794984173362554
223,2.4260089686098665,7.76918900440387
224,2.437500000000001,7.763950892857145
225,2.4355555555555566,7.730291358024692
226,2.4336283185840717,7.696922233534343
227,2.4273127753303974,7.672029342700229
228,2.4342105263157903,7.649180517082181
229,2.427947598253276,7.624721115157989
230,2.4304347826086965,7.592986767485823
231,2.424242424242425,7.568936114390661
232,2.418103448275863,7.545017092746732
233,2.4206008583690997,7.514082042402698
234,2.4230769230769242,7.4833990795529255
235,2.421276595744682,7.452313263920327
236,2.4322033898305095,7.448793450158001
237,2.4345991561181446,7.418718510210259
238,2.457983193277312,7.517142150978039
239,2.4560669456066955,7.486563610581048
240,2.450000000000001,7.464166666666667
241,2.4439834024896276,7.441882887691328
242,2.4421487603305794,7.41194249026706
243,2.4567901234567913,7.433318091754305
244,2.4508196721311486,7.411515721580222
245,2.4693877551020416,7.465389421074555
246,2.4878048780487814,7.518143961927425
247,2.489878542510122,7.488763952859416
248,2.4838709677419364,7.46748178980229
249,2.4779116465863464,7.446299253237851
250,2.476000000000001,7.417424000000001
251,2.4741035856573714,7.388771606799892
252,2.4682539682539693,7.3680398085159995
253,2.4624505928853764,7.347404271274352
254,2.464566929133859,7.3196106392212785
255,2.4588235294117657,7.29928489042676
256,2.453125000000001,7.279052734375001
257,2.451361867704281,7.251525382670443
258,2.445736434108528,7.231551589447751
259,2.440154440154441,7.211669474217738
260,2.4423076923076934,7.185133136094675
261,2.4406130268199244,7.158350582052525
262,2.450381679389314,7.155934968824661
263,2.444866920152092,7.1366941838106674
264,2.4583333333333344,7.1573547979797985
265,2.452830188679246,7.138341046635815
266,2.4473684210526323,7.119410368025328
267,2.441947565543072,7.100562499123289
268,2.447761194029851,7.0830920026732045
269,2.4572490706319705,7.080886112685015
270,2.4703703703703708,7.100973936899867
271,2.464944649446495,7.082719461880969
272,2.459558823529412,7.064540981833913
273,2.454212454212455,7.046438299185554
274,2.4598540145985406,7.029410197666368
275,2.476363636363637,7.078532231404961
276,2.4891304347826093,7.097707939508508
277,2.490974729241878,7.073023237628539
278,2.485611510791368,7.055548367061745
279,2.4802867383512552,7.038141853264991
280,2.482142857142858,7.013966836734693
281,2.480427046263346,6.989830422613695
282,2.47517730496454,6.972788089130326
283,2.4734982332155484,6.948944299466843
284,2.4683098591549304,6.932094326522517
285,2.463157894736843,6.915309325946446
286,2.458041958041959,6.898589173064701
287,2.4529616724738683,6.881933737206962
288,2.4618055555555562,6.880485628858027
289,2.4567474048442914,6.864046168029599
290,2.451724137931035,6.847669441141503
291,2.4570446735395195,6.832347279791219
292,2.465753424657535,6.831018952899232
293,2.4607508532423217,6.815012405502686
294,2.455782312925171,6.79906520431302
295,2.4508474576271193,6.783177247917267
296,2.4459459459459465,6.767348429510594
297,2.4410774410774416,6.751578637100524
298,2.4362416107382554,6.735867753704791
299,2.4381270903010037,6.7143991677945465
300,2.446666666666667,6.713822222222224
301,2.4518272425249172,6.699506627962168
302,2.450331125827815,6.677996579097411
303,2.445544554455446,6.662876188608965
304,2.4440789473684212,6.641609677977845
305,2.455737704918033,6.661155603332444
306,2.4934640522875817,7.073486693152214
307,2.498371335504886,7.057814937028516
308,2.496753246753247,7.0357037443076464
309,2.4951456310679614,7.0137304804097225
310,2.4935483870967747,6.9918938605619205
311,2.4951768488745985,6.9702339719399165
312,2.490384615384616,6.955035749506909
313,2.4888178913738024,6.933581030734217
314,2.4872611464968157,6.912258103777035
315,2.485714285714286,6.891065759637194
316,2.4810126582278484,6.876221759333447
317,2.4763406940063093,6.861427618943375
318,2.493710691823899,6.935495035797644
319,2.4890282131661436,6.92072601487801
320,2.484374999999999,6.906005859375013
321,2.5015576323987534,6.978969536398145
322,2.496894409937888,6.9642760695960915
323,2.492260061919504,6.949630495835302
324,2.487654320987654,6.93503276939492
325,2.5015384615384613,6.976151479289951
326,2.515337423312883,7.016635929090303
327,2.516819571865443,6.995894472032854
328,2.518292682926829,6.975275133848909
329,2.5227963525835864,6.960726526916797
330,2.524242424242424,6.94032139577595
331,2.522658610271903,6.920181451428894
332,2.527108433734939,6.905891638844546
333,2.5225225225225216,6.892135378621878
334,2.520958083832334,6.872315249740055
335,2.51641791044776,6.8586856760971395
336,2.514880952380951,6.8390642715419645
337,2.510385756676557,6.825559791844619
338,2.5059171597633125,6.812095164735141
339,2.5044247787610607,6.792753282689862
340,2.5088235294117633,6.779333910034617
341,2.513196480938415,6.765954885148922
342,2.511695906432747,6.746939229164545
343,2.507288629737608,6.733911890453823
344,2.5029069767441845,6.720921782044365
345,2.4985507246376795,6.707968914093694
346,2.494219653179189,6.6950532927929585
347,2.4899135446685863,6.682174920479382
348,2.4885057471264354,6.663660985599169
349,2.48997134670487,6.64531489889247
350,2.548571428571427,7.824783673469402
351,2.544159544159543,7.8093034959131975
352,2.5568181818181803,7.8433626033058
353,2.5580736543909333,7.821698272195444
354,2.553672316384179,7.806441316352278
355,2.560563380281688,7.801261654433663
356,2.556179775280897,7.786169675546035
357,2.565826330532211,7.7974876224999985
358,2.5614525139664783,7.782536437689229
359,2.568245125348187,7.777376029050073
360,2.5694444444444424,7.756288580246932
361,2.5650969529085854,7.741607262068293
362,2.577348066298341,7.774404016971415
363,2.575757575757574,7.753902662993589
364,2.5714285714285694,7.739403453689186
365,2.567123287671231,7.724946519046743
366,2.562841530054643,7.7105318164173475
367,2.5613079019073552,7.69038303053703
368,2.5570652173913024,7.6760913870510565
369,2.5528455284552827,7.6618414964637624
370,2.548648648648647,7.647633308984678
371,2.547169811320753,7.6278289172557745
372,2.5510752688172027,7.612982714764728
373,2.55764075067024,7.608607838768352
374,2.5561497326203195,7.589093196831493
375,2.5519999999999987,7.575296000000015
376,2.5664893617021263,7.633877037120884
377,2.56233421750663,7.620119750367637
378,2.558201058201057,7.606400996612651
379,2.5540897097625317,7.592720741292542
380,2.549999999999999,7.5790789473684335
381,2.5511811023622037,7.559716452766251
382,2.5575916230366484,7.555583728516225
383,2.577023498694516,7.680098712241557
384,2.5755208333333326,7.660963270399317
385,2.5714285714285707,7.647495361781087
386,2.5673575129533672,7.634064001718178
387,2.563307493540051,7.620669163845665
388,2.5592783505154633,7.607310819428218
389,2.5552699228791766,7.593988937424426
390,2.553846153846153,7.575305719921115
391,2.5703324808184136,7.661933137538358
392,2.566326530612244,7.64866201582675
393,2.5623409669211186,7.635426580942589
394,2.560913705583755,7.616847896106585
395,2.582278481012657,7.777407466752138
396,2.5808080808080796,7.758621569227643
397,2.5894206549118377,7.7684523091955535
398,2.585427135678391,7.7552650185601495
399,2.593984962406014,7.764976350651078
400,2.592499999999999,7.7464437500000125
401,2.5885286783042383,7.733434493566595
402,2.5870646766169143,7.715056558006003
403,2.585607940446649,7.6967655733364655
404,2.589108910891088,7.682653661405758
405,2.59753086419753,7.692339582380747
406,2.5935960591132994,7.67966342303867
407,2.5970515970515957,7.665642412571173
408,2.5931372549019596,7.653090157631693
409,2.5965770171149134,7.63920588710016
410,2.592682926829267,7.62677572873291
411,2.5985401459854005,7.622284973449138
412,2.594660194174756,7.6099714864737615
413,2.5907990314769966,7.597687739272681
414,2.5869565217391295,7.585433732409169
415,2.583132530120481,7.57320946436349
416,2.579326923076922,7.561014931582852
417,2.575539568345323,7.54885012853028
418,2.5717703349282286,7.536715047732435
419,2.5704057279236268,7.51950604063546
420,2.5666666666666655,7.50746031746033
421,2.570071258907362,7.494496194447121
422,2.575829383886255,7.4906954021697745
423,2.5721040189125284,7.478843563648163
424,2.5683962264150932,7.467020069419734
425,2.56470588235294,7.455224913494821
426,2.561032863849764,7.443458088121857
427,2.5573770491803267,7.431719583829244
428,2.5537383177570083,7.4200093894663395
429,2.5501165501165493,7.408327492243587
430,2.5465116279069755,7.396673877771782
431,2.5522041763341057,7.393446417708788
432,2.5486111111111103,7.381896219135814
433,2.5519630484988443,7.369701689165775
434,2.5483870967741926,7.35825776720679
435,2.5448275862068956,7.346841062227519
436,2.555045871559632,7.375410318996729
437,2.5583524027459945,7.363299802585771
438,2.5570776255707752,7.347198765663779
439,2.5535307517084274,7.335972727414251
440,2.5522727272727264,7.319994834710755
441,2.56689342403628,7.397452707462437
442,2.57918552036199,7.447349562867276
443,2.6094808126410824,7.836208082588968
444,2.617117117117116,7.8443916889862955
445,2.615730337078651,7.827617725034728
446,2.61659192825112,7.810397353656831
447,2.615212527964205,7.79377305326588
448,2.6138392857142847,7.777219188456644
449,2.6102449888641415,7.765685686082918
450,2.6066666666666656,7.754177777777789
451,2.6031042128603095,7.742695463640799
452,2.6084070796460166,7.738247905082634
453,2.6048565121412794,7.726863831508376
454,2.605726872246695,7.710187467251461
455,2.6021978021978014,7.698896268566608
456,2.5986842105263146,7.687629847645441
457,2.60831509846827,7.7131037256582635
458,2.6048034934497806,7.701898323830602
459,2.6034858387799553,7.685913774853938
460,2.599999999999999,7.674782608695661
461,2.596529284164858,7.663675589706439
462,2.5952380952380945,7.647856112141836
463,2.593952483801295,7.632101656489523
464,2.5926724137931023,7.616411823721772
465,2.599999999999999,7.624946236559149
466,2.596566523605149,7.614065464458741
467,2.595289079229121,7.598521704441775
468,2.5961538461538454,7.582634779750173
469,2.5927505330490397,7.571887743736399
470,2.595744680851063,7.559981892258952
471,2.5923566878980884,7.549325868527468
472,2.5932203389830497,7.533682849755829
473,2.5898520084566585,7.523110548923039
474,2.588607594936708,7.507971478929669
475,2.5915789473684203,7.496350138504164
476,2.5882352941176463,7.485912011863579
477,2.5849056603773577,7.475495431351617
478,2.5836820083682,7.460570543232797
479,2.5991649269311057,7.559581766118533
480,2.5979166666666655,7.544578993055568
481,2.598752598752598,7.529229213220907
482,2.599585062240663,7.513941736540359
483,2.598343685300206,7.499127691404234
484,2.603305785123966,7.4955262618673695
485,2.6061855670103085,7.484085450100977
486,2.6049382716049374,7.469440634049698
487,2.6016427104722784,7.45938128507521
488,2.598360655737704,7.449341574845482
489,2.609406952965234,7.493653840524264
490,2.606122448979591,7.4836359850062575
491,2.6048879837067203,7.469141077065394
492,2.605691056910568,7.454276554960683
493,2.6064908722109523,7.43947105316213
494,2.607287449392712,7.4247242210165805
495,2.6080808080808073,7.410035710641782
496,2.6048387096774186,7.400299167533828
497,2.6056338028169006,7.385722787428807
498,2.6104417670682722,7.38238092933986
499,2.6092184368737468,7.3683318540889475
500,2.607999999999999,7.35433600000001
501,2.6067864271457077,7.340393066163093
502,2.603585657370517,7.330903477722587
503,2.628230616302186,7.621230865305196
504,2.634920634920634,7.6286218190980195
505,2.631683168316831,7.618798157043436
506,2.6284584980237145,7.608992485431747
507,2.6252465483234704,7.59920482087074
508,2.622047244094487,7.589435178870368
509,2.6208251473477397,7.575283405575872
510,2.6176470588235285,7.5655709342560655
511,2.6183953033268095,7.551051045300848
512,2.623046874999999,7.547359466552744
513,2.6198830409356715,7.537772306008698
514,2.6167315175097268,7.528202546594206
515,2.6135922330097077,7.518650202658131
516,2.614341085271317,7.504367976684102
517,2.611218568665376,7.494883814896995
518,2.6081081081081074,7.485416884065541
519,2.6050096339113673,7.475967196438989
520,2.607692307692307,7.465325443786992
521,2.6046065259117075,7.455948069746289
522,2.6015325670498077,7.446587689552423
523,2.609942638623326,7.469270168793813
524,2.6068702290076327,7.459952799953393
525,2.622857142857142,7.579668027210894
526,2.6216730038022806,7.565994159233191
527,2.6223908918406065,7.551908515135266
528,2.62121212121212,7.538337924701571
529,2.618147448015122,7.529046851605029
530,2.6150943396226407,7.519772160911366
531,2.6139359698681726,7.506321796276798
532,2.610902255639097,7.497099185934771
533,2.609756097560975,7.483732210680465
534,2.606741573033707,7.474561292766075
535,2.6037383177570086,7.465406585728022
536,2.6063432835820888,7.4551090164847515
537,2.6033519553072617,7.446022283948703
538,2.6115241635687725,7.468045632315762
539,2.608534322820036,7.458999521549228
540,2.614814814814814,7.466447187928682
541,2.613678373382624,7.453343401177401
542,2.610701107011069,7.444387331327199
543,2.607734806629833,7.435446618438604
544,2.6047794117647047,7.426521274870255
545,2.603669724770641,7.4135645147714975
546,2.6007326007325995,7.404688107984824
547,2.5978062157221196,7.395826997182584
548,2.5985401459854,7.382625606052548
549,2.6010928961748623,7.37274926095137
550,2.598181818181817,7.363996694214889
551,2.59709618874773,7.351280134123419
552,2.603260869565216,7.358902410207953
553,2.6003616636528015,7.350234950573738
554,2.5974729241877244,7.341582061541284
555,2.5945945945945934,7.332943754565391
556,2.595323741007193,7.320050075047889
557,2.592459605026929,7.311469174759643
558,2.589605734767024,7.302902711938454
559,2.6010733452593904,7.363218883708147
560,2.605357142857142,7.3603284438775685
561,2.6078431372549007,7.35066932298768
562,2.606761565836298,7.338246096174077
563,2.6039076376554164,7.329789348485199
564,2.601063829787233,7.321346385996697
565,2.5982300884955745,7.312917221395582
566,2.5954063604240276,7.30450186667334
567,2.5925925925925917,7.296100333137386
568,2.591549295774647,7.283872247569941
569,2.5957820738137074,7.281247586954589
570,2.59298245614035,7.272933210218545
571,2.590192644483362,7.264632362187594
572,2.5874125874125866,7.256345053547868
573,2.5846422338568926,7.248071294341974
574,2.5818815331010443,7.239811093979549
575,2.5791304347826074,7.2315644612476575
576,2.5763888888888875,7.223331404321007
577,2.5736568457538977,7.215111930772048
578,2.5709342560553616,7.20690604758087
579,2.575129533678755,7.204631891683916
580,2.5775862068965503,7.19570451843046
581,2.5748709122203084,7.187595723439636
582,2.573883161512026,7.17581275610824
583,2.571183533447683,7.1677459405865065
584,2.5719178082191765,7.155786732970561
585,2.579487179487178,7.17701512163053
586,2.5767918088737187,7.1690176938578425
587,2.577512776831344,7.1571093162762995
588,2.579931972789114,7.14837278448797
589,2.5806451612903207,7.136535407196476
590,2.5779661016949134,7.128667049698388
591,2.57529610829103,7.1208110375314115
592,2.5726351351351333,7.112967380387168
593,2.5750421585160184,7.104402401258097
594,2.574074074074072,7.092997880034942
595,2.573109243697477,7.081629828401975
596,2.570469798657716,7.073893067879852
597,2.5695142378559446,7.06258820624622
598,2.5702341137123725,7.051087236160697
599,2.56761268781302,7.0434251855485615
600,2.5666666666666647,7.0322222222222495
601,2.565723793677203,7.0210547589846355
602,2.5647840531561443,7.009922627785592
603,2.562189054726366,7.002351426944905
604,2.5629139072847664,6.99107495285297
605,2.5619834710743783,6.980042346834259
606,2.5594059405940577,6.972543541482888
607,2.560131795716637,6.961375929911632
608,2.5592105263157876,6.9504414819944875
609,2.556650246305417,6.943014066506536
610,2.5557377049180308,6.932139209889844
611,2.5531914893617005,6.924748406867039
612,2.5506535947712403,6.917368853859651
613,2.5481239804241422,6.910000558854001
614,2.5537459283387607,6.918121147174
615,2.5512195121951207,6.91079119571686
616,2.5535714285714275,6.902974257884995
617,2.551053484602916,6.895691758889828
618,2.550161812297733,6.885024245661465
619,2.547657512116315,6.877777226805468
620,2.545161290322579,6.870541103017715
621,2.5458937198067617,6.859810030572501
622,2.55466237942122,6.896529709163495
623,2.5537720706260014,6.885952866186268
624,2.5512820512820493,6.878780407626589
625,2.550399999999998,6.868259840000028
626,2.547923322683704,6.861121885494419
627,2.5518341307814976,6.859753414273713
628,2.550955414012737,6.849314373808295
629,2.548489666136723,6.84224334687257
630,2.5555555555555536,6.862786596119958
631,2.557844690966718,6.855211836417957
632,2.5553797468354413,6.848198906425279
633,2.5560821484992085,6.83769207540015
634,2.5567823343848564,6.827217406880381
635,2.5559055118110217,6.816953313906654
636,2.5628930817610045,6.837239428820089
637,2.5635792778649904,6.826805399131058
638,2.5642633228840106,6.816403140692433
639,2.561815336463222,6.809559145868106
640,2.564062499999998,6.802145996093776
641,2.561622464898594,6.795344637498475
642,2.5591900311526463,6.788552614978529
643,2.5614307931570743,6.781218481602353
644,2.5590062111801224,6.774468577601199
645,2.5612403100775176,6.767179856979776
646,2.560371517027862,6.757191193244475
647,2.5641421947449747,6.755932146704947
648,2.5617283950617264,6.749276024996217
649,2.56086286594761,6.73936196732679
650,2.5584615384615366,6.732736094674582
651,2.560675883256527,6.725581110002125
652,2.558282208588955,6.7189958221988295
653,2.5558958652373645,6.712419296966083
654,2.555045871559632,6.7026274443790035
655,2.554198473282441,6.692864052211434
656,2.5518292682926815,6.686338117192172
657,2.5494672754946714,6.679820872977837
658,2.5471124620060777,6.673312330817366
659,2.5447647951441565,6.666812501583099
660,2.542424242424241,6.660321395775965
661,2.5400907715582437,6.653839023530594
662,2.5392749244712975,6.644227873057043
663,2.552036199095021,6.742013199292968
664,2.5496987951807215,6.735481836986525
665,2.550375939849623,6.725657753406094
666,2.5480480480480465,6.719162856550269
667,2.5457271364317826,6.712676645185677
668,2.5434131736526933,6.706199128688754
669,2.5411061285500733,6.699730316091014
670,2.5388059701492525,6.693270216083784
671,2.53800298062593,6.6837271594546275
672,2.535714285714284,6.677295918367373
673,2.533432392273401,6.670873359842297
674,2.532640949554894,6.661397476424051
675,2.530370370370368,6.65500356652952
676,2.5325443786982227,6.648349147438843
677,2.5376661742983733,6.6562622046608695
678,2.558997050147491,6.954483949843831
679,2.5611192930780544,6.947295359848714
680,2.558823529411763,6.940657439446391
681,2.559471365638765,6.930750968710201
682,2.557184750733136,6.9241492591223235
683,2.5549048316251812,6.917556469713137
684,2.5540935672514604,6.907892599432328
685,2.5576642335766406,6.906528850764583
686,2.556851311953351,6.896913700923959
687,2.5691411935953403,6.990488782102239
688,2.5712209302325566,6.983299672120089
689,2.568940493468794,6.976742128534468
690,2.566666666666665,6.970193236715001
691,2.5687409551374802,6.9630749705224115
692,2.567919075144507,6.953479484780672
693,2.565656565656564,6.94698791668491
694,2.5634005763688745,6.940504862593351
695,2.561151079136689,6.934030329693104
696,2.55890804597701,6.927564324877814
697,2.5581061692969853,6.918072740521505
698,2.555873925501431,6.911634551440487
699,2.5536480686695264,6.905204860407595
700,2.55142857142857,6.898783673469411
701,2.5492154065620527,6.892370996396041
702,2.5470085470085455,6.885966834684806
703,2.5462304409672813,6.876596743483045
704,2.5468749999999982,6.8671209161932065
705,2.54609929078014,6.857803933403777
706,2.5453257790368253,6.848512145992689
707,2.544554455445543,6.839245452126566
708,2.5437853107344615,6.830003750518713
709,2.5543018335684042,6.89867331369201
710,2.5577464788732374,6.897369569529881
711,2.5555555555555536,6.891076730739203
712,2.5547752808988746,6.881831129276631
713,2.5806451612903207,7.348685698773947
714,2.5784313725490176,7.341887735486378
715,2.5762237762237743,7.335099026847304
716,2.586592178770948,7.401719671670698
717,2.5843793584379338,7.394902439071861
718,2.5835654596100257,7.385078095297239
719,2.5813630041724593,7.378289658214089
720,2.580555555555553,7.368510802469164
721,2.5797503467406355,7.358757774011697
722,2.57894736842105,7.349030470914157
723,2.5781466113416296,7.33932879178315
724,2.575966850828727,7.332626827630442
725,2.575172413793101,7.322969797859718
726,2.5743801652892535,7.31333811442755
727,2.5722145804676724,7.306683266197344
728,2.5714285714285685,7.297095761381506
729,2.5692729766803812,7.290468744413803
730,2.571232876712326,7.283282041658876
731,2.5731874145006812,7.276107350648748
732,2.575136612021855,7.268944653468333
733,2.5729877216916752,7.262408126725124
734,2.572207084468662,7.252960523873545
735,2.5700680272108816,7.246451015780491
736,2.570652173913041,7.236856096408346
737,2.5739484396200787,7.235033663555939
738,2.57452574525745,7.225475723591952
739,2.5723951285520945,7.219048525876163
740,2.5702702702702673,7.212629656683741
741,2.5681511470985123,7.206219118854991
742,2.5700808625336897,7.199266570280687
743,2.5693135935397007,7.1900139299229195
744,2.5712365591397814,7.18309739565271
745,2.56912751677852,7.176765010585142
746,2.5670241286863233,7.170440742045186
747,2.5662650602409602,7.161271592393704
748,2.5668449197860927,7.1519488689982875
749,2.5660881174899832,7.142828622408905
750,2.5639999999999965,7.136570666666699
751,2.5619174434087846,7.130320690920794
752,2.5598404255319114,7.124078697940277
753,2.5577689243027852,7.1178446902959545
754,2.558355437665779,7.108663608412108
755,2.556291390728473,7.102460418402736
756,2.555555555555552,7.093474426807794
757,2.564068692206073,7.138893881675072
758,2.5633245382585716,7.129895016046983
759,2.5612648221343837,7.1237169773001
760,2.564473684210523,7.122158933518038
761,2.5663600525624144,7.115504359192671
762,2.5643044619422537,7.109381996541804
763,2.5622542595019624,7.103267264316752
764,2.565445026178007,7.1017378909569695
765,2.568627450980389,7.100192233756278
766,2.567885117493469,7.091344613433896
767,2.565840938722291,7.085299912118056
768,2.5664062499999964,7.076319376627636
769,2.5656697009102696,7.0675340443485775
770,2.56363636363636,7.06153482880759
771,2.561608300907908,7.055542938660052
772,2.5595854922279755,7.0495583774061386
773,2.5601552393272926,7.040689238513979
774,2.5581395348837175,7.034733489573975
775,2.556129032258061,7.028785015608773
776,2.554123711340203,7.022843819747082
777,2.552123552123549,7.016909904940824
778,2.550128534704367,7.010983273967293
779,2.5481386392811265,7.005063929431298
780,2.546153846153843,6.999151873767289
781,2.556978233034568,7.081580625646587
782,2.554987212276212,7.075620907764892
783,2.565772669220942,7.157551350619596
784,2.5688775510204054,7.155970168679744
785,2.5668789808917167,7.149985800641028
786,2.5648854961832033,7.144008701901627
787,2.574332909783987,7.205084529577712
788,2.5723350253807076,7.199082364915385
789,2.5728770595690715,7.190189567902157
790,2.572151898734174,7.181502964268576
791,2.584070796460174,7.284651443786879
792,2.5909090909090873,7.312442607897185
793,2.595208070617903,7.317858500212326
794,2.59445843828715,7.309087679003135
795,2.592452830188676,7.303087694315922
796,2.5917085427135644,7.294353362288862
797,2.5897114178168095,7.2883759518521
798,2.5877192982456108,7.282405575341894
799,2.5857321652065046,7.276442236149411
800,2.5837499999999967,7.27048593750003
801,2.5817727840199716,7.2645366824553275
802,2.591022443890271,7.324009179047425
803,2.5890410958904075,7.318036814002316
804,2.5907960199004942,7.311407824063791
805,2.5913043478260835,7.302533081285475
806,2.589330024813892,7.2966107173863834
807,2.588599752168522,7.287998906716202
808,2.5866336633663334,7.282098568767799
809,2.6044499381952995,7.529572287048853
810,2.6061728395061694,7.522677945435179
811,2.606658446362512,7.513593149678998
812,2.6046798029556615,7.5075150452571355
813,2.60393603936039,7.498729895048059
814,2.6031941031940997,7.489965227680247
815,2.601226993865027,7.483924874854184
816,2.6053921568627416,7.488892493271849
817,2.6046511627906943,7.480174205118018
818,2.602689486552564,7.47417369575747
819,2.6007326007325973,7.468180171476906
820,2.6012195121951187,7.4592668054729625
821,2.6029232643118116,7.4525614910665965
822,2.600973236009729,7.446617057677881
823,2.602673147023083,7.439944251611877
824,2.6007281553398025,7.434028596003423
825,2.5987878787878755,7.4281197428834105
826,2.5968523002421273,7.422217694891835
827,2.597339782345825,7.413439114294058
828,2.5954106280193203,7.407563478727656
829,2.5958986731001175,7.398825157404784
830,2.5939759036144547,7.392975758455538
831,2.592057761732849,7.387133070069147
832,2.5901442307692273,7.381297094582132
833,2.5882352941176436,7.375467834192532
834,2.5875299760191814,7.3670387431062645
835,2.586826347305386,7.358628850084292
836,2.5849282296650684,7.35283504269594
837,2.5830346475507735,7.347047899635896
838,2.5906921241050087,7.387359664162345
839,2.5899880810488645,7.378970083290627
840,2.589285714285711,7.37059948979595
841,2.588585017835906,7.362247819466409
842,2.5902612826603293,7.355867152634013
843,2.5895610913404474,7.347554137133834
844,2.6054502369668215,7.5516764560544765
845,2.603550295857985,7.545786211967398
846,2.6016548463356943,7.53990269883588
847,2.599763872491142,7.534025918269805
848,2.597877358490563,7.528155871751542
849,2.5959952885747906,7.522292560637432
850,2.5976470588235263,7.5157591695502015
851,2.599294947121031,7.50923569561492
852,2.5974178403755834,7.503420562498652
853,2.5967174677608407,7.495041979964545
854,2.5948477751756407,7.48924745926323
855,2.598830409356722,7.494033719777055
856,2.5981308411214923,7.485697440824555
857,2.597432905484244,7.477379641064284
858,2.597902097902095,7.468853407664626
859,2.596041909196737,7.463127523272754
860,2.5965116279069735,7.4546389940508675
861,2.595818815331007,7.446393667520578
862,2.5951276102088134,7.438166515038169
863,2.5932792584009237,7.432492490960314
864,2.591435185185182,7.426824792095364
865,2.591907514450864,7.418431621504254
866,2.590069284064662,7.412788216908753
867,2.5893886966551296,7.404639418695793
868,2.5990783410138216,7.4775106712820705
869,2.5972382048331384,7.471845076745252
870,2.5954022988505714,7.466185757695896
871,2.597014925373131,7.459876278766929
872,2.595183486238529,7.454242856241086
873,2.6059564719358503,7.54690610119812
874,2.604118993135008,7.541218731836087
875,2.602285714285711,7.5355376326530905
876,2.600456621004563,7.529862805195917
877,2.598631698973771,7.524194250899423
878,2.5990888382687896,7.515807825820776
879,2.5995449374288935,7.5074400659556275
880,2.5977272727272696,7.5018130165289545
881,2.5981838819523237,7.493481378219239
882,2.5963718820861645,7.487877993223017
883,2.594563986409963,7.482280755532042
884,2.592760180995472,7.476689666468773
885,2.5943502824858724,7.470476555268311
886,2.592550790067717,7.464910649226266
887,2.5907553551296476,7.4593508386833
888,2.588963963963961,7.453797124827559
889,2.5871766029246315,7.448249508743943
890,2.585393258426963,7.442707991415253
891,2.5881032547699183,7.440891015152173
892,2.5885650224215215,7.432739196444758
893,2.5867861142217214,7.427238607108446
894,2.5850111856823235,7.421744015534864
895,2.583240223463684,7.416255422739643
896,2.5948660714285685,7.528946857063164
897,2.5930880713489377,7.523385893023846
898,2.591314031180398,7.517831012743019
899,2.591768631813123,7.50965415781473
900,2.591111111111108,7.501698765432127
901,2.5948945615982213,7.506255843488764
902,2.5931263858093097,7.500750979592065
903,2.594684385382057,7.494633981229079
904,2.5962389380530944,7.488525677421908
905,2.594475138121544,7.483063398553184
906,2.5927152317880764,7.477606976302238
907,2.5920617420066123,7.469749552968547
908,2.591409691629953,7.461908585456761
909,2.5907590759075876,7.454084022263641
910,2.590109890109887,7.446275812100016
911,2.588364434687154,7.440874492873445
912,2.586622807017541,7.435478945444779
913,2.584884994523546,7.430089170782529
914,2.58533916849015,7.422148298531502
915,2.5836065573770464,7.416780435366863
916,2.581877729257639,7.411418308193997
917,2.584514721919299,7.409705680535747
918,2.5838779956426987,7.402005876182502
919,2.582154515778017,7.3966782742750645
920,2.580434782608693,7.391356332703239
921,2.5808903365906595,7.38352190002608
922,2.580260303687633,7.375879324866745
923,2.578548212351026,7.370590741716768
924,2.580086580086577,7.364798260902185
925,2.581621621621619,7.359013586559558
926,2.579913606911444,7.353765003335397
927,2.5782092772384004,7.348521928155599
928,2.576508620689652,7.343284361994677
929,2.5769644779332586,7.335572701644561
930,2.5763440860215026,7.328042548271503
931,2.5746509129967747,7.322837552681793
932,2.572961373390555,7.317638011383548
933,2.572347266881026,7.310146366008099
934,2.570663811563166,7.30496379918293
935,2.570053475935826,7.297498927621635
936,2.5715811965811937,7.291884679304578
937,2.569903948772676,7.2867356364518825
938,2.578891257995733,7.354650369838315
939,2.5782747603833838,7.347174446338495
940,2.5819148936170184,7.351800588501611
941,2.5802337938363413,7.346644366169375
942,2.5796178343949014,7.339202401720178
943,2.5779427359490956,7.334062787813115
944,2.576271186440675,7.328928468830822
945,2.575661375661373,7.32152403348173
946,2.5750528541226188,7.31413451094854
947,2.5733896515311483,7.309027897802121
948,2.575949367088605,7.307522832879371
949,2.57639620653319,7.3000118809550765
950,2.5789473684210495,7.298504155124681
951,2.5793901156677155,7.291015821521674
952,2.577731092436972,7.28597468399127
953,2.5760755508919173,7.280938638573307
954,2.574423480083855,7.275907686492737
955,2.5759162303664893,7.2704147364381715
956,2.5742677824267752,7.265404798585485
957,2.574712643678158,7.258002137907039
958,2.5772442588726485,7.256559420504645
959,2.577685088633991,7.249178791341805
960,2.5760416666666637,7.2442176649305825
961,2.5764828303850127,7.236866297572036
962,2.577962577962575,7.231447823963444
963,2.576323987538938,7.226521481740304
964,2.587136929460578,7.331618773781469
965,2.5865284974093234,7.324378104110204
966,2.5848861283643862,7.319398900076757
967,2.58428128231644,7.312183118398381
968,2.5836776859504105,7.304981515948389
969,2.582043343653248,7.300028435685851
970,2.5804123711340177,7.295080242321208
971,2.5798146240988644,7.287913868828385
972,2.5812757201646064,7.28248890751751
973,2.579650565262073,7.277571512016665
974,2.578028747433262,7.2726589478389085
975,2.5764102564102536,7.267751216305088
976,2.5778688524590136,7.262379064767562
977,2.578300921187305,7.255127921728963
978,2.5766871165644143,7.250254055478214
979,2.576098059244124,7.24318763491965
980,2.576530612244895,7.235979800083324
981,2.581039755351679,7.24852939801179
982,2.5794297352342133,7.243690917160647
983,2.5778229908443513,7.238857112106238
984,2.5762195121951192,7.234027984334746
985,2.5766497461928908,7.226865933159859
986,2.5780933062880296,7.221589062287878
987,2.5805471124620034,7.220209224477502
988,2.57894736842105,7.215427232047756
989,2.578361981799795,7.208470117705299
990,2.577777777777775,7.201526374859734
991,2.5761856710393514,7.196768901954141
992,2.576612903225804,7.189694979188369
993,2.5750251762336327,7.184955311551479
994,2.575452716297784,7.1779084972612575
995,2.5738693467336655,7.17318653569357
996,2.5742971887550175,7.166166674731077
997,2.575727181544631,7.1610156447275894
998,2.5741482965931834,7.156325677406944
999,2.58258258258258,7.220157094030992
1000,2.581999999999997,7.213276000000026
